ServiceId,SubjectId
f4c0dbdb-1144-431e-ae0f-f52fa4867703,74762a44-1264-44e3-a471-d98b3facf1cb
f4c0dbdb-1144-431e-ae0f-f52fa4867703,d175a8cb-ebbe-463f-a241-1fe6aeecb6d3
f4c0dbdb-1144-431e-ae0f-f52fa4867703,f4dc965a-baca-4d8e-8233-4d573c1953ed
f4c0dbdb-1144-431e-ae0f-f52fa4867703,fd62266f-44b6-4cb6-b75d-088a04b9680a
f4c0dbdb-1144-431e-ae0f-f52fa4867703,658384fc-4911-4c64-8c7e-c19f33413bd0
f4c0dbdb-1144-431e-ae0f-f52fa4867703,ac02f4dc-f1c1-44f2-96b2-f513380610ee
f4c0dbdb-1144-431e-ae0f-f52fa4867703,074c8786-649f-4eb2-ae8c-009c5ee74498
f4c0dbdb-1144-431e-ae0f-f52fa4867703,c239f402-b5cc-4b88-97bd-9da38a7076df
f4c0dbdb-1144-431e-ae0f-f52fa4867703,2f8c13ac-7ab2-4f8e-9ea9-2f4903678546
f4c0dbdb-1144-431e-ae0f-f52fa4867703,64807b64-5dc6-4072-a649-dba600fa1bd6
f4c0dbdb-1144-431e-ae0f-f52fa4867703,1dd49314-c6f2-4730-b6a7-f93d08004d76
f4c0dbdb-1144-431e-ae0f-f52fa4867703,235a248f-6746-443d-ab2a-b6e747e8ce26
f4c0dbdb-1144-431e-ae0f-f52fa4867703,796afad1-e3a9-4c46-aafb-d952ba10e1fe
f4c0dbdb-1144-431e-ae0f-f52fa4867703,687b2684-147c-4967-bee7-8f1d6abe56e0
f4c0dbdb-1144-431e-ae0f-f52fa4867703,d8075642-9639-4fb4-8147-6aa60e44e354
b060591f-e4a8-4552-9903-0fbf41c6ed66,1f8b5a34-35d3-42b8-a55d-ec65fe83aace
b060591f-e4a8-4552-9903-0fbf41c6ed66,79e6a719-2295-4f85-b7a4-a01a19c22c42
b060591f-e4a8-4552-9903-0fbf41c6ed66,b90d0adb-45b0-467f-adda-6f74f491e9b8
b060591f-e4a8-4552-9903-0fbf41c6ed66,6c6c1dbb-f6b9-4772-9864-0c3771ffb07a
b060591f-e4a8-4552-9903-0fbf41c6ed66,7e975c46-83f7-479a-b79e-9fc0e12d454f
b060591f-e4a8-4552-9903-0fbf41c6ed66,074c8786-649f-4eb2-ae8c-009c5ee74498
b060591f-e4a8-4552-9903-0fbf41c6ed66,ae8f8fb0-8ef1-409e-aef2-5b3405fbc9a2
b060591f-e4a8-4552-9903-0fbf41c6ed66,931f621e-91a5-40d1-9f6f-5fa27c336f20
b060591f-e4a8-4552-9903-0fbf41c6ed66,b86e7df3-1b04-4f66-a558-e7b334a39534
b060591f-e4a8-4552-9903-0fbf41c6ed66,1cb0f28e-018b-4d78-ad0f-cc3e11342db9
b060591f-e4a8-4552-9903-0fbf41c6ed66,c9a0eab8-c4bc-4374-9b68-60cd1a30177c
b060591f-e4a8-4552-9903-0fbf41c6ed66,eadfe047-7cc9-4944-80b4-4f17fb248490
b060591f-e4a8-4552-9903-0fbf41c6ed66,bb4e3b11-8a30-4340-ae41-133e03b661c5
b060591f-e4a8-4552-9903-0fbf41c6ed66,57989f4a-f0a4-4f23-b3dc-8d31dfd546d7
b060591f-e4a8-4552-9903-0fbf41c6ed66,f448b7c1-6d85-4576-bf71-1b54836f2d74
b060591f-e4a8-4552-9903-0fbf41c6ed66,b10c2814-f55e-4380-bb62-85d9b551151a
b060591f-e4a8-4552-9903-0fbf41c6ed66,a927d360-8cfd-448b-bf93-b401f37f4bae
b060591f-e4a8-4552-9903-0fbf41c6ed66,bf00a366-c75c-4406-9105-a037a5d53a66
b060591f-e4a8-4552-9903-0fbf41c6ed66,ef30114f-0ace-485e-977d-31a2c0ca0100
b060591f-e4a8-4552-9903-0fbf41c6ed66,0d296812-f5f8-43a3-af91-588e34ba18d2
b060591f-e4a8-4552-9903-0fbf41c6ed66,3389cf36-a565-4bf5-a321-507efd543713
b060591f-e4a8-4552-9903-0fbf41c6ed66,d388a8e7-1218-47a6-adb5-4112a1bd51d7
b060591f-e4a8-4552-9903-0fbf41c6ed66,fd62266f-44b6-4cb6-b75d-088a04b9680a
b060591f-e4a8-4552-9903-0fbf41c6ed66,efeef6d1-3f97-4e4e-b372-4f1156c60e9c
b060591f-e4a8-4552-9903-0fbf41c6ed66,807eca6a-5610-4cf4-85a0-6eb34ca32f21
b060591f-e4a8-4552-9903-0fbf41c6ed66,2000f425-fb50-4655-8ea8-253a0d2f8dba
b060591f-e4a8-4552-9903-0fbf41c6ed66,94bdec13-4ae9-4410-af80-fc399872302f
b060591f-e4a8-4552-9903-0fbf41c6ed66,6c90049e-d3cd-494f-abf1-740368b38e27
b060591f-e4a8-4552-9903-0fbf41c6ed66,9a316fa5-c847-4a4f-b159-93c3810cc6c7
b060591f-e4a8-4552-9903-0fbf41c6ed66,74dc8f16-0ddc-4058-8bf8-47fcaa434731
b060591f-e4a8-4552-9903-0fbf41c6ed66,d9893906-3e02-4bf2-8a77-23e956038d6b
b060591f-e4a8-4552-9903-0fbf41c6ed66,9015583c-6b0f-4fa1-8ff3-f531c0630105
b060591f-e4a8-4552-9903-0fbf41c6ed66,77bbc7e3-ceb1-477d-95e8-f424e1204537
b060591f-e4a8-4552-9903-0fbf41c6ed66,9e50950a-8e5c-4e27-a540-e14f72170ace
b060591f-e4a8-4552-9903-0fbf41c6ed66,2e083240-9d70-4a32-bad5-d69d3e966619
b060591f-e4a8-4552-9903-0fbf41c6ed66,ac02f4dc-f1c1-44f2-96b2-f513380610ee
b060591f-e4a8-4552-9903-0fbf41c6ed66,ba4b87b1-d53c-4d29-ad68-ff6c223e8935
b060591f-e4a8-4552-9903-0fbf41c6ed66,f5309258-e39f-455b-8089-0e7bebbd1a55
b060591f-e4a8-4552-9903-0fbf41c6ed66,1351ea5c-7b79-4d16-8329-d8fe7dd24405
b060591f-e4a8-4552-9903-0fbf41c6ed66,26fac3fa-f43e-40a5-86fa-53ef03b4bce7
b060591f-e4a8-4552-9903-0fbf41c6ed66,d949c6e0-b08a-443a-ab35-6c74b6c190d7
b060591f-e4a8-4552-9903-0fbf41c6ed66,ede8367e-984b-4294-9d46-4f13fe69e12f
b060591f-e4a8-4552-9903-0fbf41c6ed66,d0d5d771-185b-46b6-bebd-c296464d4a6f
b060591f-e4a8-4552-9903-0fbf41c6ed66,658384fc-4911-4c64-8c7e-c19f33413bd0
b060591f-e4a8-4552-9903-0fbf41c6ed66,578892d6-1133-4613-8424-981dc694e4ff
b060591f-e4a8-4552-9903-0fbf41c6ed66,058bb8f1-c31f-49d2-ba9e-98a4af74b6eb
b060591f-e4a8-4552-9903-0fbf41c6ed66,f238d872-3954-4ce8-9057-37fee6f6c437
b060591f-e4a8-4552-9903-0fbf41c6ed66,e9274335-b534-4d95-b582-d4bca5711821
b060591f-e4a8-4552-9903-0fbf41c6ed66,1dfeef36-21a5-427b-bd1f-edd6e3caaf58
b060591f-e4a8-4552-9903-0fbf41c6ed66,55e43de2-977c-4463-b034-546064ee48be
b060591f-e4a8-4552-9903-0fbf41c6ed66,38b2d1ee-458c-403e-a174-ad3b4aea54bc
b060591f-e4a8-4552-9903-0fbf41c6ed66,f327aeb6-4644-4bec-85a4-5f0ec9cbfdca
b060591f-e4a8-4552-9903-0fbf41c6ed66,733bc7a5-b9af-497d-b1bf-288d82b1e5db
b060591f-e4a8-4552-9903-0fbf41c6ed66,9d1c0549-76af-4a89-b981-e054d27dea75
b060591f-e4a8-4552-9903-0fbf41c6ed66,05623533-92fe-4946-9785-e897efefc84e
b060591f-e4a8-4552-9903-0fbf41c6ed66,c666c922-e9a4-40ff-ae78-f3739aad35e0
b060591f-e4a8-4552-9903-0fbf41c6ed66,6be851e7-f71e-4fc5-9151-868b1df22469
b060591f-e4a8-4552-9903-0fbf41c6ed66,e128a2d9-2539-4914-b0f9-8ae67dfa961c
b060591f-e4a8-4552-9903-0fbf41c6ed66,2d61bc4d-dfb1-474a-94a6-29dca5167940
b060591f-e4a8-4552-9903-0fbf41c6ed66,c239f402-b5cc-4b88-97bd-9da38a7076df
b060591f-e4a8-4552-9903-0fbf41c6ed66,11c25631-f67b-4d0c-9c08-8cd701c573e5
b060591f-e4a8-4552-9903-0fbf41c6ed66,ce1bb76a-1d74-423c-a42c-dac14d3e0beb
b060591f-e4a8-4552-9903-0fbf41c6ed66,35695b32-9b38-4fd6-bc3a-cef4a79cf4b4
b060591f-e4a8-4552-9903-0fbf41c6ed66,5885634d-24ef-4bf0-9273-7eff26d29b94
b060591f-e4a8-4552-9903-0fbf41c6ed66,59a14e3d-0030-415a-8309-21d2b7941e5c
b060591f-e4a8-4552-9903-0fbf41c6ed66,2857481c-571c-4028-8b2e-03f48f539a48
b060591f-e4a8-4552-9903-0fbf41c6ed66,c6b098bc-8477-40ca-b7dc-f599d3d6ac67
b060591f-e4a8-4552-9903-0fbf41c6ed66,ca256b60-1763-4350-a91e-db242cd6aca4
b060591f-e4a8-4552-9903-0fbf41c6ed66,a9a26bb2-67f0-46d7-bad5-000503d6ee9b
b060591f-e4a8-4552-9903-0fbf41c6ed66,328bd104-bc24-403d-8483-6e498b562683
b060591f-e4a8-4552-9903-0fbf41c6ed66,80f543d5-61c6-4915-af7e-7d6301eaae30
b060591f-e4a8-4552-9903-0fbf41c6ed66,b8513ffe-9732-4721-a69f-4aa99d3f170a
b060591f-e4a8-4552-9903-0fbf41c6ed66,8946c851-962e-43a1-9c33-788e273cc5a8
b060591f-e4a8-4552-9903-0fbf41c6ed66,fa7da1e1-790d-451b-88b8-4aedd9fae858
b060591f-e4a8-4552-9903-0fbf41c6ed66,94229d3c-616d-4a65-bd1a-e6002366b39a
b060591f-e4a8-4552-9903-0fbf41c6ed66,783ed4b6-43d9-439d-ba4e-15747d91ddd1
b060591f-e4a8-4552-9903-0fbf41c6ed66,3257204e-86b3-4204-83e7-78b9998b7fe1
b060591f-e4a8-4552-9903-0fbf41c6ed66,32b10247-87be-467c-936e-534ab6a5b4a7
b060591f-e4a8-4552-9903-0fbf41c6ed66,1cd4403e-cf32-4e79-8bef-c39f4bf6a4a9
b060591f-e4a8-4552-9903-0fbf41c6ed66,d84f7621-1a8a-4620-bb11-0a526f169804
b060591f-e4a8-4552-9903-0fbf41c6ed66,4b876da1-2d6e-4c19-b01b-e7a8e9ca67bb
